Transportadora;Método de Envio;UF;Cidade;CEP Inicial;CEP Final;Tarifa;Prazo de Entrega
GolLog;GolLog DOC;NA;NA;49000000;49099999;DOC;2
GolLog;GolLog DOC;NA;NA;75000000;75149999;DOC;3
GolLog;GolLog DOC;NA;NA;75152000;75152999;DOC;3
GolLog;GolLog DOC;NA;NA;75157000;75157999;DOC;4
GolLog;GolLog DOC;NA;NA;75170000;75170999;DOC;3
GolLog;GolLog DOC;NA;NA;75545000;75545999;DOC;4
GolLog;GolLog DOC;NA;NA;76800000;76833999;DOC;4
GolLog;GolLog DOC;NA;NA;17000000;17109999;DOC;3
GolLog;GolLog DOC;NA;NA;66000000;66845999;DOC;2
GolLog;GolLog DOC;NA;NA;66847000;66899999;DOC;2
GolLog;GolLog DOC;NA;NA;95185000;95185999;DOC;3
GolLog;GolLog DOC;NA;NA;95700000;95714999;DOC;3
GolLog;GolLog DOC;NA;NA;95718000;95718999;DOC;3
GolLog;GolLog DOC;NA;NA;95720000;95720999;DOC;3
GolLog;GolLog DOC;NA;NA;89000000;89074999;DOC;3
GolLog;GolLog DOC;NA;NA;89076000;89079999;DOC;3
GolLog;GolLog DOC;NA;NA;45819000;45819999;DOC;2
GolLog;GolLog DOC;NA;NA;70000000;70999999;DOC;2
GolLog;GolLog DOC;NA;NA;71500000;71569999;DOC;3
GolLog;GolLog DOC;NA;NA;71600000;71689999;DOC;2
GolLog;GolLog DOC;NA;NA;71700000;71799999;DOC;2
GolLog;GolLog DOC;NA;NA;69300000;69339999;DOC;3
GolLog;GolLog DOC;NA;NA;55000000;55099999;DOC;3
GolLog;GolLog DOC;NA;NA;55600000;55619999;DOC;7
GolLog;GolLog DOC;NA;NA;55640000;55649999;DOC;6
GolLog;GolLog DOC;NA;NA;88800000;88819999;DOC;3
GolLog;GolLog DOC;NA;NA;78000000;78099999;DOC;2
GolLog;GolLog DOC;NA;NA;78110000;78161999;DOC;3
GolLog;GolLog DOC;NA;NA;79000000;79124999;DOC;2
GolLog;GolLog DOC;NA;NA;68515000;68515999;DOC;3
GolLog;GolLog DOC;NA;NA;68516000;68516999;DOC;3
GolLog;GolLog DOC;NA;NA;58117000;58117999;DOC;3
GolLog;GolLog DOC;NA;NA;58400000;58439999;DOC;2
GolLog;GolLog DOC;NA;NA;80000000;82999999;DOC;2
GolLog;GolLog DOC;NA;NA;83000000;83149999;DOC;2
GolLog;GolLog DOC;NA;NA;83420000;83420999;DOC;4
GolLog;GolLog DOC;NA;NA;95000000;95123999;DOC;2
GolLog;GolLog DOC;NA;NA;69980000;69980999;DOC;3
GolLog;GolLog DOC;NA;NA;14400000;14400999;DOC;3
GolLog;GolLog DOC;NA;NA;88000000;88066999;DOC;2
GolLog;GolLog DOC;NA;NA;88068000;88090999;DOC;2
GolLog;GolLog DOC;NA;NA;88095000;88095999;DOC;2
GolLog;GolLog DOC;NA;NA;88099000;88099999;DOC;2
GolLog;GolLog DOC;NA;NA;60000000;61599999;DOC;2
GolLog;GolLog DOC;NA;NA;16400000;16419999;DOC;5
GolLog;GolLog DOC;NA;NA;17400000;17400999;DOC;3
GolLog;GolLog DOC;NA;NA;17410000;17410999;DOC;5
GolLog;GolLog DOC;NA;NA;17420000;17420999;DOC;5
GolLog;GolLog DOC;NA;NA;17430000;17430999;DOC;5
GolLog;GolLog DOC;NA;NA;17440000;17440999;DOC;5
GolLog;GolLog DOC;NA;NA;17450000;17450999;DOC;5
GolLog;GolLog DOC;NA;NA;17455000;17455999;DOC;5
GolLog;GolLog DOC;NA;NA;17470000;17470999;DOC;5
GolLog;GolLog DOC;NA;NA;17475000;17475999;DOC;5
GolLog;GolLog DOC;NA;NA;17540000;17540999;DOC;5
GolLog;GolLog DOC;NA;NA;17600000;17626999;DOC;5
GolLog;GolLog DOC;NA;NA;17650000;17650999;DOC;5
GolLog;GolLog DOC;NA;NA;17670000;17670999;DOC;5
GolLog;GolLog DOC;NA;NA;17690000;17690999;DOC;5
GolLog;GolLog DOC;NA;NA;19800000;19819999;DOC;5
GolLog;GolLog DOC;NA;NA;19830000;19830999;DOC;5
GolLog;GolLog DOC;NA;NA;19900000;19919999;DOC;5
GolLog;GolLog DOC;NA;NA;19960000;19960999;DOC;6
GolLog;GolLog DOC;NA;NA;74000000;74894999;DOC;2
GolLog;GolLog DOC;NA;NA;85850000;85871999;DOC;2
GolLog;GolLog DOC;NA;NA;45650000;45659999;DOC;2
GolLog;GolLog DOC;NA;NA;36000000;36099999;DOC;3
GolLog;GolLog DOC;NA;NA;63000000;63079999;DOC;2
GolLog;GolLog DOC;NA;NA;63100000;63134999;DOC;4
GolLog;GolLog DOC;NA;NA;63180000;63180999;DOC;4
GolLog;GolLog DOC;NA;NA;63200000;63200999;DOC;5
GolLog;GolLog DOC;NA;NA;62595000;62595999;DOC;2
GolLog;GolLog DOC;NA;NA;89200000;89239999;DOC;2
GolLog;GolLog DOC;NA;NA;58000000;58099999;DOC;2
GolLog;GolLog DOC;NA;NA;58305000;58309999;DOC;2
GolLog;GolLog DOC;NA;NA;86000000;86099999;DOC;2
GolLog;GolLog DOC;NA;NA;37640000;37640999;DOC;3
GolLog;GolLog DOC;NA;NA;68500000;68513999;DOC;3
GolLog;GolLog DOC;NA;NA;69000000;69099999;DOC;2
GolLog;GolLog DOC;NA;NA;68900000;68909999;DOC;3
GolLog;GolLog DOC;NA;NA;57000000;57099999;DOC;2
GolLog;GolLog DOC;NA;NA;87000000;87099999;DOC;2
GolLog;GolLog DOC;NA;NA;17500000;17529999;DOC;3
GolLog;GolLog DOC;NA;NA;17533000;17533999;DOC;3
GolLog;GolLog DOC;NA;NA;17539000;17539999;DOC;4
GolLog;GolLog DOC;NA;NA;17560000;17560999;DOC;3
GolLog;GolLog DOC;NA;NA;17580000;17580999;DOC;4
GolLog;GolLog DOC;NA;NA;39400000;39409999;DOC;2
GolLog;GolLog DOC;NA;NA;59000000;59149999;DOC;2
GolLog;GolLog DOC;NA;NA;59150000;59158999;DOC;2
GolLog;GolLog DOC;NA;NA;59161000;59161999;DOC;2
GolLog;GolLog DOC;NA;NA;59164000;59164999;DOC;4
GolLog;GolLog DOC;NA;NA;59290000;59290999;DOC;2
GolLog;GolLog DOC;NA;NA;88220000;88220999;DOC;5
GolLog;GolLog DOC;NA;NA;88300000;88319999;DOC;3
GolLog;GolLog DOC;NA;NA;88330000;88339999;DOC;5
GolLog;GolLog DOC;NA;NA;88340000;88340999;DOC;5
GolLog;GolLog DOC;NA;NA;88370000;88379999;DOC;2
GolLog;GolLog DOC;NA;NA;88380000;88380999;DOC;3
GolLog;GolLog DOC;NA;NA;88385000;88385999;DOC;3
GolLog;GolLog DOC;NA;NA;89250000;89269999;DOC;5
GolLog;GolLog DOC;NA;NA;89270000;89270999;DOC;5
GolLog;GolLog DOC;NA;NA;38280000;38280999;DOC;10
GolLog;GolLog DOC;NA;NA;30000000;31999999;DOC;3
GolLog;GolLog DOC;NA;NA;33200000;33200999;DOC;6
GolLog;GolLog DOC;NA;NA;33500000;33500999;DOC;3
GolLog;GolLog DOC;NA;NA;77000000;77061999;DOC;2
GolLog;GolLog DOC;NA;NA;77063000;77063999;DOC;2
GolLog;GolLog DOC;NA;NA;77065000;77079999;DOC;2
GolLog;GolLog DOC;NA;NA;77081000;77249999;DOC;2
GolLog;GolLog DOC;NA;NA;56300000;56334999;DOC;3
GolLog;GolLog DOC;NA;NA;90000000;90089999;DOC;2
GolLog;GolLog DOC;NA;NA;90091000;90829999;DOC;2
GolLog;GolLog DOC;NA;NA;91251000;91259999;DOC;3
GolLog;GolLog DOC;NA;NA;91271000;91279999;DOC;2
GolLog;GolLog DOC;NA;NA;91571000;91711999;DOC;3
GolLog;GolLog DOC;NA;NA;91713000;91779999;DOC;2
GolLog;GolLog DOC;NA;NA;91797000;91920999;DOC;3
GolLog;GolLog DOC;NA;NA;91921000;91999999;DOC;3
GolLog;GolLog DOC;NA;NA;91241000;91249999;DOC;2
GolLog;GolLog DOC;NA;NA;91261000;91269999;DOC;3
GolLog;GolLog DOC;NA;NA;91281000;91419999;DOC;2
GolLog;GolLog DOC;NA;NA;91421000;91429999;DOC;2
GolLog;GolLog DOC;NA;NA;91431000;91539999;DOC;2
GolLog;GolLog DOC;NA;NA;90831000;91239999;DOC;2
GolLog;GolLog DOC;NA;NA;19000000;19014999;DOC;2
GolLog;GolLog DOC;NA;NA;19015000;19015999;DOC;2
GolLog;GolLog DOC;NA;NA;19016000;19109999;DOC;2
GolLog;GolLog DOC;NA;NA;20272000;20395999;DOC;3
GolLog;GolLog DOC;NA;NA;20398000;20749999;DOC;3
GolLog;GolLog DOC;NA;NA;20751000;20760999;DOC;3
GolLog;GolLog DOC;NA;NA;20762000;20784999;DOC;3
GolLog;GolLog DOC;NA;NA;20786000;20960999;DOC;3
GolLog;GolLog DOC;NA;NA;20962000;20969999;DOC;3
GolLog;GolLog DOC;NA;NA;20971000;20971999;DOC;3
GolLog;GolLog DOC;NA;NA;20974000;20974999;DOC;3
GolLog;GolLog DOC;NA;NA;20976000;21009999;DOC;3
GolLog;GolLog DOC;NA;NA;21013000;21041999;DOC;3
GolLog;GolLog DOC;NA;NA;21043000;21043999;DOC;3
GolLog;GolLog DOC;NA;NA;21045000;21045999;DOC;3
GolLog;GolLog DOC;NA;NA;21047000;21214999;DOC;3
GolLog;GolLog DOC;NA;NA;21216000;21219999;DOC;3
GolLog;GolLog DOC;NA;NA;21221000;21229999;DOC;3
GolLog;GolLog DOC;NA;NA;21231000;21239999;DOC;3
GolLog;GolLog DOC;NA;NA;21242000;21249999;DOC;3
GolLog;GolLog DOC;NA;NA;21251000;21369999;DOC;3
GolLog;GolLog DOC;NA;NA;21371000;21380999;DOC;3
GolLog;GolLog DOC;NA;NA;21382000;21510999;DOC;3
GolLog;GolLog DOC;NA;NA;21513000;21514999;DOC;3
GolLog;GolLog DOC;NA;NA;21516000;21519999;DOC;3
GolLog;GolLog DOC;NA;NA;21522000;21531999;DOC;3
GolLog;GolLog DOC;NA;NA;21533000;21534999;DOC;3
GolLog;GolLog DOC;NA;NA;21536000;21554999;DOC;3
GolLog;GolLog DOC;NA;NA;21556000;21649999;DOC;3
GolLog;GolLog DOC;NA;NA;21651000;21654999;DOC;3
GolLog;GolLog DOC;NA;NA;21656000;21659999;DOC;3
GolLog;GolLog DOC;NA;NA;21661000;21664999;DOC;3
GolLog;GolLog DOC;NA;NA;21668000;21674999;DOC;3
GolLog;GolLog DOC;NA;NA;21676000;21714999;DOC;3
GolLog;GolLog DOC;NA;NA;21716000;21719999;DOC;3
GolLog;GolLog DOC;NA;NA;21722000;21724999;DOC;3
GolLog;GolLog DOC;NA;NA;21726000;21774999;DOC;3
GolLog;GolLog DOC;NA;NA;21776000;21809999;DOC;3
GolLog;GolLog DOC;NA;NA;21871000;21874999;DOC;3
GolLog;GolLog DOC;NA;NA;21876000;21999999;DOC;3
GolLog;GolLog DOC;NA;NA;22082000;22209999;DOC;3
GolLog;GolLog DOC;NA;NA;22611000;22762999;DOC;3
GolLog;GolLog DOC;NA;NA;22774000;22795999;DOC;3
GolLog;GolLog DOC;NA;NA;22796000;22999999;DOC;3
GolLog;GolLog DOC;NA;NA;65000000;65039999;DOC;3
GolLog;GolLog DOC;NA;NA;65045000;65084999;DOC;3
GolLog;GolLog DOC;NA;NA;65086000;65099999;DOC;3
GolLog;GolLog DOC;NA;NA;65130000;65130999;DOC;7
GolLog;GolLog DOC;NA;NA;12940000;12952999;DOC;3
GolLog;GolLog DOC;NA;NA;18270000;18270999;DOC;3
GolLog;GolLog DOC;NA;NA;18520000;18520999;DOC;3
GolLog;GolLog DOC;NA;NA;18550000;18550999;DOC;3
GolLog;GolLog DOC;NA;NA;18560000;18560999;DOC;3
GolLog;GolLog DOC;NA;NA;6000000;6299999;DOC;3
GolLog;GolLog DOC;NA;NA;6300000;6399999;DOC;4
GolLog;GolLog DOC;NA;NA;6400000;6499999;DOC;3
GolLog;GolLog DOC;NA;NA;6500000;6549999;DOC;4
GolLog;GolLog DOC;NA;NA;6600000;6649999;DOC;3
GolLog;GolLog DOC;NA;NA;6650000;6699999;DOC;4
GolLog;GolLog DOC;NA;NA;9500000;9599999;DOC;3
GolLog;GolLog DOC;NA;NA;9600000;9764999;DOC;4
GolLog;GolLog DOC;NA;NA;9897000;9899999;DOC;4
GolLog;GolLog DOC;NA;NA;9900000;9949999;DOC;4
GolLog;GolLog DOC;NA;NA;9951000;9999999;DOC;3
GolLog;GolLog DOC;NA;NA;13200000;13219999;DOC;3
GolLog;GolLog DOC;NA;NA;13220000;13229999;DOC;4
GolLog;GolLog DOC;NA;NA;93000000;93034999;DOC;4
GolLog;GolLog DOC;NA;NA;93036000;93179999;DOC;4
GolLog;GolLog DOC;NA;NA;93300000;93599999;DOC;3
GolLog;GolLog DOC;NA;NA;13480000;13489999;DOC;3
GolLog;GolLog DOC;NA;NA;8700000;8889999;DOC;3
GolLog;GolLog DOC;NA;NA;6700000;6724999;DOC;3
GolLog;GolLog DOC;NA;NA;35573000;35573999;DOC;5
GolLog;GolLog DOC;NA;NA;37500000;37506999;DOC;6
GolLog;GolLog DOC;NA;NA;37540000;37540999;DOC;3
GolLog;GolLog DOC;NA;NA;37550000;37550999;DOC;5
GolLog;GolLog DOC;NA;NA;9000000;9140999;DOC;3
GolLog;GolLog DOC;NA;NA;9200000;9240999;DOC;3
GolLog;GolLog DOC;NA;NA;12000000;12119999;DOC;3
GolLog;GolLog DOC;NA;NA;12120000;12120999;DOC;3
GolLog;GolLog DOC;NA;NA;13270000;13279999;DOC;3
GolLog;GolLog DOC;NA;NA;14000000;14109999;DOC;3
GolLog;GolLog DOC;NA;NA;69900000;69920999;DOC;3
GolLog;GolLog DOC;NA;NA;50000000;51715999;DOC;2
GolLog;GolLog DOC;NA;NA;52000000;52999999;DOC;2
GolLog;GolLog DOC;NA;NA;54000000;54499999;DOC;2
GolLog;GolLog DOC;NA;NA;54590000;54590999;DOC;3
GolLog;GolLog DOC;NA;NA;54750000;54799999;DOC;3
GolLog;GolLog DOC;NA;NA;20000000;20271999;DOC;2
GolLog;GolLog DOC;NA;NA;22000000;22081999;DOC;2
GolLog;GolLog DOC;NA;NA;22210000;22240999;DOC;2
GolLog;GolLog DOC;NA;NA;22241000;22440999;DOC;2
GolLog;GolLog DOC;NA;NA;22441000;22459999;DOC;2
GolLog;GolLog DOC;NA;NA;22460000;22471999;DOC;2
GolLog;GolLog DOC;NA;NA;22472000;22610999;DOC;2
GolLog;GolLog DOC;NA;NA;12200000;12248999;DOC;3
GolLog;GolLog DOC;NA;NA;15000000;15099999;DOC;3
GolLog;GolLog DOC;NA;NA;15102000;15102999;DOC;7
GolLog;GolLog DOC;NA;NA;15104000;15104999;DOC;7
GolLog;GolLog DOC;NA;NA;15130000;15130999;DOC;7
GolLog;GolLog DOC;NA;NA;15155000;15155999;DOC;7
GolLog;GolLog DOC;NA;NA;15200000;15200999;DOC;7
GolLog;GolLog DOC;NA;NA;15290000;15290999;DOC;7
GolLog;GolLog DOC;NA;NA;15895000;15895999;DOC;7
GolLog;GolLog DOC;NA;NA;16000000;16129999;DOC;7
GolLog;GolLog DOC;NA;NA;16200000;16209999;DOC;7
GolLog;GolLog DOC;NA;NA;16300000;16300999;DOC;7
GolLog;GolLog DOC;NA;NA;13300000;13311999;DOC;7
GolLog;GolLog DOC;NA;NA;13313000;13314999;DOC;7
GolLog;GolLog DOC;NA;NA;13320000;13329999;DOC;7
GolLog;GolLog DOC;NA;NA;13330000;13349999;DOC;7
GolLog;GolLog DOC;NA;NA;18000000;18109999;DOC;3
GolLog;GolLog DOC;NA;NA;18110000;18119999;DOC;3
GolLog;GolLog DOC;NA;NA;3014000;3015999;DOC;3
GolLog;GolLog DOC;NA;NA;3019000;3022999;DOC;3
GolLog;GolLog DOC;NA;NA;3040000;3499999;DOC;3
GolLog;GolLog DOC;NA;NA;3500000;3889999;DOC;7
GolLog;GolLog DOC;NA;NA;3900000;3920999;DOC;7
GolLog;GolLog DOC;NA;NA;3930000;3939999;DOC;7
GolLog;GolLog DOC;NA;NA;3950000;3969999;DOC;7
GolLog;GolLog DOC;NA;NA;8010000;8010999;DOC;7
GolLog;GolLog DOC;NA;NA;8013000;8070999;DOC;7
GolLog;GolLog DOC;NA;NA;8073000;8099999;DOC;7
GolLog;GolLog DOC;NA;NA;8200000;8290999;DOC;7
GolLog;GolLog DOC;NA;NA;2118000;2118999;DOC;3
GolLog;GolLog DOC;NA;NA;5001000;5099999;DOC;3
GolLog;GolLog DOC;NA;NA;5301000;5472999;DOC;3
GolLog;GolLog DOC;NA;NA;40000000;40222999;DOC;2
GolLog;GolLog DOC;NA;NA;40224000;40353999;DOC;2
GolLog;GolLog DOC;NA;NA;40355000;40384999;DOC;2
GolLog;GolLog DOC;NA;NA;40386000;40829999;DOC;2
GolLog;GolLog DOC;NA;NA;40831000;41305999;DOC;2
GolLog;GolLog DOC;NA;NA;41307000;41387999;DOC;2
GolLog;GolLog DOC;NA;NA;41389000;42599999;DOC;2
GolLog;GolLog DOC;NA;NA;42700000;42799999;DOC;2
GolLog;GolLog DOC;NA;NA;11000000;11087999;DOC;3
GolLog;GolLog DOC;NA;NA;11089000;11199999;DOC;3
GolLog;GolLog DOC;NA;NA;11300000;11329999;DOC;3
GolLog;GolLog DOC;NA;NA;11331000;11334999;DOC;3
GolLog;GolLog DOC;NA;NA;11336000;11339999;DOC;3
GolLog;GolLog DOC;NA;NA;11350000;11389999;DOC;3
GolLog;GolLog DOC;NA;NA;11391000;11399999;DOC;3
GolLog;GolLog DOC;NA;NA;68000000;68099999;DOC;3
GolLog;GolLog DOC;NA;NA;4001000;4099999;DOC;3
GolLog;GolLog DOC;NA;NA;4100000;4199999;DOC;3
GolLog;GolLog DOC;NA;NA;4200000;4299999;DOC;3
GolLog;GolLog DOC;NA;NA;4300000;4399999;DOC;3
GolLog;GolLog DOC;NA;NA;4400000;4499999;DOC;3
GolLog;GolLog DOC;NA;NA;4500000;4699999;DOC;3
GolLog;GolLog DOC;NA;NA;4700000;4799999;DOC;3
GolLog;GolLog DOC;NA;NA;5100000;5163999;DOC;3
GolLog;GolLog DOC;NA;NA;5165000;5199999;DOC;3
GolLog;GolLog DOC;NA;NA;5200000;5208999;DOC;7
GolLog;GolLog DOC;NA;NA;5210000;5299999;DOC;7
GolLog;GolLog DOC;NA;NA;5473000;5499999;DOC;3
GolLog;GolLog DOC;NA;NA;5700000;5790999;DOC;3
GolLog;GolLog DOC;NA;NA;5792000;5817999;DOC;3
GolLog;GolLog DOC;NA;NA;5819000;5872999;DOC;3
GolLog;GolLog DOC;NA;NA;5874000;5899999;DOC;3
GolLog;GolLog DOC;NA;NA;9141000;9199999;DOC;7
GolLog;GolLog DOC;NA;NA;9241000;9299999;DOC;7
GolLog;GolLog DOC;NA;NA;64000000;64099999;DOC;3
GolLog;GolLog DOC;NA;NA;38000000;38043999;DOC;3
GolLog;GolLog DOC;NA;NA;38045000;38101999;DOC;3
GolLog;GolLog DOC;NA;NA;38400000;38415999;DOC;2
GolLog;GolLog DOC;NA;NA;1001000;1599999;DOC;3
GolLog;GolLog DOC;NA;NA;2001000;2117999;DOC;3
GolLog;GolLog DOC;NA;NA;2119000;2999999;DOC;3
GolLog;GolLog DOC;NA;NA;3001000;3013999;DOC;3
GolLog;GolLog DOC;NA;NA;3016000;3018999;DOC;3
GolLog;GolLog DOC;NA;NA;3030000;3036999;DOC;3
GolLog;GolLog DOC;NA;NA;3923000;3928999;DOC;5
GolLog;GolLog DOC;NA;NA;5500000;5660999;DOC;3
GolLog;GolLog DOC;NA;NA;5664000;5699999;DOC;3
GolLog;GolLog DOC;NA;NA;7000000;7399999;DOC;4
GolLog;GolLog DOC;NA;NA;8100000;8199999;DOC;5
GolLog;GolLog DOC;NA;NA;8300000;8399999;DOC;5
GolLog;GolLog DOC;NA;NA;37000000;37109999;DOC;3
GolLog;GolLog DOC;NA;NA;37110000;37110999;DOC;5
GolLog;GolLog DOC;NA;NA;37410000;37410999;DOC;5
GolLog;GolLog DOC;NA;NA;13000000;13041999;DOC;2
GolLog;GolLog DOC;NA;NA;13045000;13048999;DOC;2
GolLog;GolLog DOC;NA;NA;13061000;13067999;DOC;2
GolLog;GolLog DOC;NA;NA;13070000;13097999;DOC;2
GolLog;GolLog DOC;NA;NA;13099000;13100999;DOC;2
GolLog;GolLog DOC;NA;NA;13102000;13107999;DOC;2
GolLog;GolLog DOC;NA;NA;13109000;13139999;DOC;2
GolLog;GolLog DOC;NA;NA;29000000;29099999;DOC;2
GolLog;GolLog DOC;NA;NA;13280000;13280999;DOC;3
GolLog;GolLog DOC;NA;NA;89800000;89813999;DOC;2
Azul Cargo;Azul Cargo Express;AC;BUJARI;69926000;69926999;Capital;6
Azul Cargo;Azul Cargo Express;AC;RIO BRANCO;69900001;69924999;Capital;6
Azul Cargo;Azul Cargo Express;AC;SENADOR GUIOMARD;69925000;69925999;Capital;6
Azul Cargo;Azul Cargo Express;AL;MACEIO;57000000;57099999;Capital;5
Azul Cargo;Azul Cargo Express;AL;RIO LARGO;57100000;57100999;Capital;6
Azul Cargo;Azul Cargo Express;AM;MANAUS;69000001;69099999;Capital;6
Azul Cargo;Azul Cargo Express;AM;TABATINGA;69640000;69640000;Capital;6
Azul Cargo;Azul Cargo Express;AP;MACAPA;68900000;68911999;Capital;5
Azul Cargo;Azul Cargo Express;BA;BARREIRAS;47800000;47819999;Capital;8
Azul Cargo;Azul Cargo Express;BA;CAMACARI;42800000;42849999;Capital;6
Azul Cargo;Azul Cargo Express;BA;FEIRA DE SANTANA;44000000;44149999;Capital;6
Azul Cargo;Azul Cargo Express;BA;ILHEUS;45650001;45674999;Capital;5
Azul Cargo;Azul Cargo Express;BA;LAURO DE FREITAS;42700000;42799999;Capital;5
Azul Cargo;Azul Cargo Express;BA;PAULO AFONSO;48600001;48619999;Capital;5
Azul Cargo;Azul Cargo Express;BA;PORTO SEGURO;45810000;45810000;Capital;5
Azul Cargo;Azul Cargo Express;BA;SALVADOR;40000000;40384999;Capital;5
Azul Cargo;Azul Cargo Express;BA;SALVADOR;40388000;40389999;Capital;5
Azul Cargo;Azul Cargo Express;BA;SALVADOR;40391164;40391164;Capital;5
Azul Cargo;Azul Cargo Express;BA;SALVADOR;40391200;40391200;Capital;5
Azul Cargo;Azul Cargo Express;BA;SALVADOR;40392000;40392999;Capital;5
Azul Cargo;Azul Cargo Express;BA;SALVADOR;40393250;40393250;Capital;5
Azul Cargo;Azul Cargo Express;BA;SALVADOR;40396000;40396999;Capital;5
Azul Cargo;Azul Cargo Express;BA;SALVADOR;40399000;42500000;Capital;5
Azul Cargo;Azul Cargo Express;BA;SALVADOR;42500901;42599999;Capital;5
Azul Cargo;Azul Cargo Express;BA;TEIXEIRA DE FREITAS;45985001;45999999;Capital;7
Azul Cargo;Azul Cargo Express;BA;VITORIA DA CONQUISTA;45000001;45099999;Capital;6
Azul Cargo;Azul Cargo Express;CE;ACARAU;62580000;62589999;Capital;5
Azul Cargo;Azul Cargo Express;CE;BELA CRUZ;62570000;62579999;Capital;6
Azul Cargo;Azul Cargo Express;CE;CAUCAIA;61600000;61679999;Capital;6
Azul Cargo;Azul Cargo Express;CE;CAUCAIA;61680000;61680999;Capital;6
Azul Cargo;Azul Cargo Express;CE;CAUCAIA;61688000;61688999;Capital;6
Azul Cargo;Azul Cargo Express;CE;CAUCAIA;61690000;61690999;Capital;6
Azul Cargo;Azul Cargo Express;CE;CRUZ;62595000;62597999;Capital;5
Azul Cargo;Azul Cargo Express;CE;FORTALEZA;60000001;60175999;Capital;5
Azul Cargo;Azul Cargo Express;CE;FORTALEZA;60176000;61599999;Capital;5
Azul Cargo;Azul Cargo Express;CE;JUAZEIRO DO NORTE;63000000;63079999;Capital;5
Azul Cargo;Azul Cargo Express;CE;MARCO;62560000;62569999;Capital;6
Azul Cargo;Azul Cargo Express;DF;AGUAS CLARAS;71900000;71999999;Capital;5
Azul Cargo;Azul Cargo Express;DF;ASA SUL;70300000;70399999;Capital;5
Azul Cargo;Azul Cargo Express;DF;BRASILIA;70000000;70299999;Capital;5
Azul Cargo;Azul Cargo Express;DF;BRASILIA;70400000;70999999;Capital;5
Azul Cargo;Azul Cargo Express;DF;BRASILIA;71000000;71399999;Capital;5
Azul Cargo;Azul Cargo Express;DF;BRASILIA;71500000;71569999;Capital;5
Azul Cargo;Azul Cargo Express;DF;BRASILIA;71570000;71599999;Capital;5
Azul Cargo;Azul Cargo Express;DF;BRASILIA;71600000;71689999;Capital;5
Azul Cargo;Azul Cargo Express;DF;BRASILIA;71700000;71799999;Capital;5
Azul Cargo;Azul Cargo Express;DF;CEILANDIA;72200000;72299999;Capital;5
Azul Cargo;Azul Cargo Express;DF;SAMAMBAIA;72300000;72399999;Capital;5
Azul Cargo;Azul Cargo Express;DF;TAGUATINGA;72000000;72199999;Capital;5
Azul Cargo;Azul Cargo Express;ES;CARIACICA;29140000;29159999;Capital;6
Azul Cargo;Azul Cargo Express;ES;SERRA;29160001;29184999;Capital;5
Azul Cargo;Azul Cargo Express;ES;VIANA;29130001;29139999;Capital;6
Azul Cargo;Azul Cargo Express;ES;VILA VELHA;29100001;29129999;Capital;6
Azul Cargo;Azul Cargo Express;ES;VITORIA;29000000;29099999;Capital;5
Azul Cargo;Azul Cargo Express;GO;ANAPOLIS;75000000;75149999;Capital;6
Azul Cargo;Azul Cargo Express;GO;GOIANIA;74000000;74894999;Capital;5
Azul Cargo;Azul Cargo Express;GO;GOIANIA;74896000;74899999;Capital;5
Azul Cargo;Azul Cargo Express;GO;RIO VERDE;75900001;75914999;Capital;5
Azul Cargo;Azul Cargo Express;MA;IMPERATRIZ;65900000;65919049;Capital;8
Azul Cargo;Azul Cargo Express;MA;IMPERATRIZ;65919051;65919999;Capital;8
Azul Cargo;Azul Cargo Express;MA;PACO DO LUMIAR;65130000;65137999;Capital;6
Azul Cargo;Azul Cargo Express;MA;RAPOSA;65138000;65139999;Capital;6
Azul Cargo;Azul Cargo Express;MA;SAO JOSE DE RIBAMAR;65110000;65129999;Capital;6
Azul Cargo;Azul Cargo Express;MA;SAO LUIS;65000001;65060999;Capital;6
Azul Cargo;Azul Cargo Express;MA;SAO LUIS;65061000;65079999;Capital;6
Azul Cargo;Azul Cargo Express;MA;SAO LUIS;65080000;65109999;Capital;6
Azul Cargo;Azul Cargo Express;MG;BELO HORIZONTE;30000001;30139999;Capital;5
Azul Cargo;Azul Cargo Express;MG;BELO HORIZONTE;30140000;30149999;Capital;5
Azul Cargo;Azul Cargo Express;MG;BELO HORIZONTE;30150000;30159999;Capital;5
Azul Cargo;Azul Cargo Express;MG;BELO HORIZONTE;30160000;30191999;Capital;5
Azul Cargo;Azul Cargo Express;MG;BELO HORIZONTE;30192000;31999999;Capital;5
Azul Cargo;Azul Cargo Express;MG;CONTAGEM;32000001;32399999;Capital;5
Azul Cargo;Azul Cargo Express;MG;DIVINOPOLIS;35500001;35515999;Capital;5
Azul Cargo;Azul Cargo Express;MG;EXTREMA;37640000;37640000;Capital;5
Azul Cargo;Azul Cargo Express;MG;GOVERNADOR VALADARES;35000001;35099999;Capital;6
Azul Cargo;Azul Cargo Express;MG;IPATINGA;35150000;35169999;Capital;6
Azul Cargo;Azul Cargo Express;MG;JUIZ DE FORA;36000000;36100999;Capital;9
Azul Cargo;Azul Cargo Express;MG;MONTES CLAROS;39400001;39429999;Capital;5
Azul Cargo;Azul Cargo Express;MG;POCOS DE CALDAS;37700001;37719999;Capital;5
Azul Cargo;Azul Cargo Express;MG;POUSO ALEGRE;37549000;37562999;Capital;5
Azul Cargo;Azul Cargo Express;MG;SANTA RITA DO SAPUCAI;37540000;37541999;Capital;6
Azul Cargo;Azul Cargo Express;MG;SETE LAGOAS;35700000;35701481;Capital;6
Azul Cargo;Azul Cargo Express;MG;SETE LAGOAS;35702373;35703105;Capital;6
Azul Cargo;Azul Cargo Express;MG;SETE LAGOAS;35703107;35703899;Capital;6
Azul Cargo;Azul Cargo Express;MG;SETE LAGOAS;35703901;35704999;Capital;6
Azul Cargo;Azul Cargo Express;MG;UBERABA;38000001;38107999;Capital;6
Azul Cargo;Azul Cargo Express;MG;UBERLANDIA;38400000;38438999;Capital;5
Azul Cargo;Azul Cargo Express;MG;VARGINHA;37000001;37109999;Capital;5
Azul Cargo;Azul Cargo Express;MG;VESPASIANO;33200000;33200999;Capital;6
Azul Cargo;Azul Cargo Express;MS;CAMPO GRANDE;79000000;79124999;Capital;5
Azul Cargo;Azul Cargo Express;MS;CORUMBA;79300000;79349999;Capital;6
Azul Cargo;Azul Cargo Express;MS;DOURADOS;79800000;79849999;Capital;5
Azul Cargo;Azul Cargo Express;MS;TRES LAGOAS;79600001;79669999;Capital;5
Azul Cargo;Azul Cargo Express;MT;ALTA FLORESTA;78580000;78580999;Capital;6
Azul Cargo;Azul Cargo Express;MT;BARRA DO GARCAS;78600000;78609999;Capital;6
Azul Cargo;Azul Cargo Express;MT;CUIABA;78000001;78109999;Capital;5
Azul Cargo;Azul Cargo Express;MT;PONTAL DO ARAGUAIA;78698000;78699999;Capital;6
Azul Cargo;Azul Cargo Express;MT;RONDONOPOLIS;78700001;78746849;Capital;6
Azul Cargo;Azul Cargo Express;MT;RONDONOPOLIS;78746867;78750999;Capital;6
Azul Cargo;Azul Cargo Express;MT;SINOP;78550000;78558999;Capital;6
Azul Cargo;Azul Cargo Express;MT;SORRISO;78890000;78899999;Capital;5
Azul Cargo;Azul Cargo Express;MT;VARZEA GRANDE;78110000;78164999;Capital;6
Azul Cargo;Azul Cargo Express;PA;ALTAMIRA;68370000;68377999;Capital;6
Azul Cargo;Azul Cargo Express;PA;ANANINDEUA;67000000;67029999;Capital;5
Azul Cargo;Azul Cargo Express;PA;ANANINDEUA;67031000;67034999;Capital;5
Azul Cargo;Azul Cargo Express;PA;ANANINDEUA;67036000;67199999;Capital;5
Azul Cargo;Azul Cargo Express;PA;BELEM;66000000;66999999;Capital;5
Azul Cargo;Azul Cargo Express;PA;MARABA;68500000;68513999;Capital;6
Azul Cargo;Azul Cargo Express;PA;PARAUAPEBAS;68515000;68515999;Capital;6
Azul Cargo;Azul Cargo Express;PA;PARAUAPEBAS;68516000;68516999;Capital;6
Azul Cargo;Azul Cargo Express;PA;SANTAREM;68000000;68059999;Capital;6
Azul Cargo;Azul Cargo Express;PA;SANTAREM;68061000;68099999;Capital;6
Azul Cargo;Azul Cargo Express;PB;BAYEUX;58305000;58309999;Capital;5
Azul Cargo;Azul Cargo Express;PB;CABEDELO;58100001;58109999;Capital;5
Azul Cargo;Azul Cargo Express;PB;CAMPINA GRANDE;58400000;58449999;Capital;6
Azul Cargo;Azul Cargo Express;PB;CONDE;58322000;58322999;Capital;5
Azul Cargo;Azul Cargo Express;PB;JOAO PESSOA;58000001;58099999;Capital;6
Azul Cargo;Azul Cargo Express;PE;CABO DE SANTO AGOSTINHO;54500001;54599999;Capital;6
Azul Cargo;Azul Cargo Express;PE;CARUARU;55000001;55099999;Capital;5
Azul Cargo;Azul Cargo Express;PE;FERNANDO DE NORONHA;53990000;53990999;Capital;6
Azul Cargo;Azul Cargo Express;PE;JABOATAO DOS GUARARAPES;54000000;54499999;Capital;5
Azul Cargo;Azul Cargo Express;PE;OLINDA;53000000;53399999;Capital;5
Azul Cargo;Azul Cargo Express;PE;PETROLINA;56300000;56334999;Capital;6
Azul Cargo;Azul Cargo Express;PE;RECIFE;50000001;50761999;Capital;5
Azul Cargo;Azul Cargo Express;PE;RECIFE;50762000;51599999;Capital;5
Azul Cargo;Azul Cargo Express;PE;RECIFE;51600000;52999999;Capital;5
Azul Cargo;Azul Cargo Express;PI;TERESINA;64000001;64047999;Capital;6
Azul Cargo;Azul Cargo Express;PI;TERESINA;64048000;64049999;Capital;6
Azul Cargo;Azul Cargo Express;PI;TERESINA;64050000;64099999;Capital;6
Azul Cargo;Azul Cargo Express;PR;CARAMBEI;84145000;84145999;Capital;5
Azul Cargo;Azul Cargo Express;PR;CASCAVEL;85800001;85820999;Capital;5
Azul Cargo;Azul Cargo Express;PR;CURITIBA;80000001;80509999;Capital;5
Azul Cargo;Azul Cargo Express;PR;CURITIBA;80510000;81010040;Capital;5
Azul Cargo;Azul Cargo Express;PR;CURITIBA;81010041;81900999;Capital;5
Azul Cargo;Azul Cargo Express;PR;CURITIBA;81901001;82999999;Capital;5
Azul Cargo;Azul Cargo Express;PR;FAZENDA RIO GRANDE;83820000;83833574;Capital;6
Azul Cargo;Azul Cargo Express;PR;FOZ DO IGUACU;85850001;85874999;Capital;5
Azul Cargo;Azul Cargo Express;PR;IBIPORA;86200000;86209999;Capital;6
Azul Cargo;Azul Cargo Express;PR;LONDRINA;86000001;86124999;Capital;5
Azul Cargo;Azul Cargo Express;PR;MARINGA;87000000;87109999;Capital;5
Azul Cargo;Azul Cargo Express;PR;PINHAIS;83320001;83349999;Capital;6
Azul Cargo;Azul Cargo Express;PR;PIRAQUARA;83300001;83303031;Capital;5
Azul Cargo;Azul Cargo Express;PR;PIRAQUARA;83303035;83318999;Capital;5
Azul Cargo;Azul Cargo Express;PR;PONTA GROSSA;84000001;84099999;Capital;6
Azul Cargo;Azul Cargo Express;PR;SAO JOSE DOS PINHAIS;83000001;83189999;Capital;5
Azul Cargo;Azul Cargo Express;RJ;NITEROI;24000000;24399999;Capital;5
Azul Cargo;Azul Cargo Express;RJ;PETROPOLIS;25600001;25779999;Capital;6
Azul Cargo;Azul Cargo Express;RJ;RIO DE JANEIRO;20000000;20249999;Capital;6
Azul Cargo;Azul Cargo Express;RJ;RIO DE JANEIRO;20250000;20251650;Capital;6
Azul Cargo;Azul Cargo Express;RJ;RIO DE JANEIRO;20251651;20259999;Capital;6
Azul Cargo;Azul Cargo Express;RJ;RIO DE JANEIRO;20260000;20260133;Capital;6
Azul Cargo;Azul Cargo Express;RJ;RIO DE JANEIRO;20260134;20260999;Capital;6
Azul Cargo;Azul Cargo Express;RJ;RIO DE JANEIRO;20261000;20261269;Capital;6
Azul Cargo;Azul Cargo Express;RJ;RIO DE JANEIRO;20261270;20270130;Capital;6
Azul Cargo;Azul Cargo Express;RJ;RIO DE JANEIRO;20270131;20270135;Capital;6
Azul Cargo;Azul Cargo Express;RJ;RIO DE JANEIRO;20270136;20395000;Capital;6
Azul Cargo;Azul Cargo Express;RJ;RIO DE JANEIRO;20398000;20972399;Capital;6
Azul Cargo;Azul Cargo Express;RJ;RIO DE JANEIRO;20972401;21011129;Capital;6
Azul Cargo;Azul Cargo Express;RJ;RIO DE JANEIRO;21011131;21042089;Capital;6
Azul Cargo;Azul Cargo Express;RJ;RIO DE JANEIRO;21042091;21236489;Capital;6
Azul Cargo;Azul Cargo Express;RJ;RIO DE JANEIRO;21236491;21520009;Capital;6
Azul Cargo;Azul Cargo Express;RJ;RIO DE JANEIRO;21520011;21520029;Capital;6
Azul Cargo;Azul Cargo Express;RJ;RIO DE JANEIRO;21520031;21531059;Capital;6
Azul Cargo;Azul Cargo Express;RJ;RIO DE JANEIRO;21531061;21635389;Capital;6
Azul Cargo;Azul Cargo Express;RJ;RIO DE JANEIRO;21635391;21640259;Capital;6
Azul Cargo;Azul Cargo Express;RJ;RIO DE JANEIRO;21640261;21645409;Capital;6
Azul Cargo;Azul Cargo Express;RJ;RIO DE JANEIRO;21645411;21645624;Capital;6
Azul Cargo;Azul Cargo Express;RJ;RIO DE JANEIRO;21645626;21735289;Capital;6
Azul Cargo;Azul Cargo Express;RJ;RIO DE JANEIRO;21735291;21840429;Capital;6
Azul Cargo;Azul Cargo Express;RJ;RIO DE JANEIRO;21840431;21840599;Capital;6
Azul Cargo;Azul Cargo Express;RJ;RIO DE JANEIRO;21840600;21949999;Capital;6
Azul Cargo;Azul Cargo Express;RJ;RIO DE JANEIRO;21950000;22510999;Capital;6
Azul Cargo;Azul Cargo Express;RJ;RIO DE JANEIRO;22511000;22511999;Capital;6
Azul Cargo;Azul Cargo Express;RJ;RIO DE JANEIRO;22512000;22611029;Capital;6
Azul Cargo;Azul Cargo Express;RJ;RIO DE JANEIRO;22611030;22641999;Capital;6
Azul Cargo;Azul Cargo Express;RJ;RIO DE JANEIRO;22642000;22789999;Capital;6
Azul Cargo;Azul Cargo Express;RJ;RIO DE JANEIRO;22790000;22795430;Capital;6
Azul Cargo;Azul Cargo Express;RJ;RIO DE JANEIRO;22795431;23009999;Capital;6
Azul Cargo;Azul Cargo Express;RJ;RIO DE JANEIRO;23098631;23505229;Capital;6
Azul Cargo;Azul Cargo Express;RJ;RIO DE JANEIRO;23598571;23799999;Capital;6
Azul Cargo;Azul Cargo Express;RJ;SAO JOAO DE MERITI;25500001;25599999;Capital;5
Azul Cargo;Azul Cargo Express;RN;EXTREMOZ;59575000;59577999;Capital;6
Azul Cargo;Azul Cargo Express;RN;MACAIBA;59280000;59289999;Capital;6
Azul Cargo;Azul Cargo Express;RN;MOSSORO;59600001;59649999;Capital;6
Azul Cargo;Azul Cargo Express;RN;NATAL;59000000;59139999;Capital;6
Azul Cargo;Azul Cargo Express;RN;PARNAMIRIM;59140001;59161999;Capital;6
Azul Cargo;Azul Cargo Express;RN;SAO GONCALO DO AMARANTE;59290000;59299999;Capital;6
Azul Cargo;Azul Cargo Express;RO;ARIQUEMES;76870001;76879999;Capital;7
Azul Cargo;Azul Cargo Express;RO;CACOAL;76960000;76968999;Capital;5
Azul Cargo;Azul Cargo Express;RO;JI-PARANA;76900000;76914999;Capital;6
Azul Cargo;Azul Cargo Express;RO;PORTO VELHO;76800001;76803999;Capital;6
Azul Cargo;Azul Cargo Express;RO;PORTO VELHO;76804000;76804999;Capital;6
Azul Cargo;Azul Cargo Express;RO;PORTO VELHO;76805000;76849999;Capital;6
Azul Cargo;Azul Cargo Express;RO;VILHENA;76980000;76989999;Capital;6
Azul Cargo;Azul Cargo Express;RR;BOA VISTA;69300001;69339999;Capital;7
Azul Cargo;Azul Cargo Express;RS;AJURICABA;98750000;98757999;Capital;ESTADUAL
Azul Cargo;Azul Cargo Express;RS;ALVORADA;94800000;94889999;Capital;ESTADUAL
Azul Cargo;Azul Cargo Express;RS;AUGUSTO PESTANA;98740000;98749999;Capital;ESTADUAL
Azul Cargo;Azul Cargo Express;RS;BARAO DE COTEGIPE;99740000;99749999;Capital;ESTADUAL
Azul Cargo;Azul Cargo Express;RS;BENTO GONCALVES;95700000;95714999;Capital;ESTADUAL
Azul Cargo;Azul Cargo Express;RS;BOA VISTA DO CADEADO;98118000;98119999;Capital;ESTADUAL
Azul Cargo;Azul Cargo Express;RS;BOM PROGRESSO;98575000;98579999;Capital;ESTADUAL
Azul Cargo;Azul Cargo Express;RS;CACHOEIRINHA;94900000;94999999;Capital;ESTADUAL
Azul Cargo;Azul Cargo Express;RS;CAMPO BOM;93700000;93799999;Capital;ESTADUAL
Azul Cargo;Azul Cargo Express;RS;CANELA;95680000;95689999;Capital;ESTADUAL
Azul Cargo;Azul Cargo Express;RS;CANOAS;92000000;92479999;Capital;ESTADUAL
Azul Cargo;Azul Cargo Express;RS;CARLOS BARBOSA;95185000;95185000;Capital;ESTADUAL
Azul Cargo;Azul Cargo Express;RS;CATUIPE;98770000;98779999;Capital;ESTADUAL
Azul Cargo;Azul Cargo Express;RS;CAXIAS DO SUL;95000001;95029999;Capital;ESTADUAL
Azul Cargo;Azul Cargo Express;RS;CAXIAS DO SUL;95030000;95109999;Capital;ESTADUAL
Azul Cargo;Azul Cargo Express;RS;CAXIAS DO SUL;95110000;95124999;Capital;ESTADUAL
Azul Cargo;Azul Cargo Express;RS;CORONEL BARROS;98735000;98739999;Capital;ESTADUAL
Azul Cargo;Azul Cargo Express;RS;ENTRE-IJUIS;98855000;98859999;Capital;ESTADUAL
Azul Cargo;Azul Cargo Express;RS;ERECHIM;99700000;99717999;Capital;ESTADUAL
Azul Cargo;Azul Cargo Express;RS;ESTACAO;99930000;99939999;Capital;ESTADUAL
Azul Cargo;Azul Cargo Express;RS;EUGENIO DE CASTRO;98860000;98864999;Capital;ESTADUAL
Azul Cargo;Azul Cargo Express;RS;FARROUPILHA;95170001;95181999;Capital;ESTADUAL
Azul Cargo;Azul Cargo Express;RS;GARIBALDI;95720000;95720000;Capital;ESTADUAL
Azul Cargo;Azul Cargo Express;RS;GETULIO VARGAS;99900000;99909999;Capital;ESTADUAL
Azul Cargo;Azul Cargo Express;RS;GIRUA;98870000;98894999;Capital;ESTADUAL
Azul Cargo;Azul Cargo Express;RS;GRAMADO;95670000;95679999;Capital;ESTADUAL
Azul Cargo;Azul Cargo Express;RS;GRAVATAI;94000000;94359999;Capital;ESTADUAL
Azul Cargo;Azul Cargo Express;RS;GRAVATAI;94360001;94379999;Capital;ESTADUAL
Azul Cargo;Azul Cargo Express;RS;GUARANI DAS MISSOES;97950000;97959999;Capital;ESTADUAL
Azul Cargo;Azul Cargo Express;RS;HORIZONTINA;98920000;98924999;Capital;ESTADUAL
Azul Cargo;Azul Cargo Express;RS;IJUI;98700000;98732999;Capital;ESTADUAL
Azul Cargo;Azul Cargo Express;RS;JOIA;98180000;98199999;Capital;ESTADUAL
Azul Cargo;Azul Cargo Express;RS;LAJEADO;95900000;95914999;Capital;ESTADUAL
Azul Cargo;Azul Cargo Express;RS;MONTENEGRO;95780000;95780999;Capital;ESTADUAL
Azul Cargo;Azul Cargo Express;RS;MORRO REUTER;93990000;93994999;Capital;ESTADUAL
Azul Cargo;Azul Cargo Express;RS;NOVA PETROPOLIS;95150000;95150000;Capital;ESTADUAL
Azul Cargo;Azul Cargo Express;RS;NOVO HAMBURGO;93300000;93599999;Capital;ESTADUAL
Azul Cargo;Azul Cargo Express;RS;PANAMBI;98280000;98280999;Capital;ESTADUAL
Azul Cargo;Azul Cargo Express;RS;PARECI NOVO;95783000;95783999;Capital;ESTADUAL
Azul Cargo;Azul Cargo Express;RS;PASSO FUNDO;99000000;99099999;Capital;ESTADUAL
Azul Cargo;Azul Cargo Express;RS;PEJUCARA;98270000;98279999;Capital;ESTADUAL
Azul Cargo;Azul Cargo Express;RS;PELOTAS;96000000;96147999;Capital;ESTADUAL
Azul Cargo;Azul Cargo Express;RS;PICADA CAFE;95166000;95169999;Capital;ESTADUAL
Azul Cargo;Azul Cargo Express;RS;PORTO ALEGRE;90000000;91499999;Capital;ESTADUAL
Azul Cargo;Azul Cargo Express;RS;PORTO ALEGRE;91500000;91999999;Capital;ESTADUAL
Azul Cargo;Azul Cargo Express;RS;SANANDUVA;99840000;99849999;Capital;ESTADUAL
Azul Cargo;Azul Cargo Express;RS;SANTA CRUZ DO SUL;96800001;96874999;Capital;ESTADUAL
Azul Cargo;Azul Cargo Express;RS;SANTA MARIA;97000000;97179999;Capital;ESTADUAL
Azul Cargo;Azul Cargo Express;RS;SANTA MARIA DO HERVAL;93995000;93999999;Capital;ESTADUAL
Azul Cargo;Azul Cargo Express;RS;SANTA ROSA;98780001;98797999;Capital;ESTADUAL
Azul Cargo;Azul Cargo Express;RS;SANTO ANGELO;98800001;98849999;Capital;ESTADUAL
Azul Cargo;Azul Cargo Express;RS;SANTO AUGUSTO;98590000;98594999;Capital;ESTADUAL
Azul Cargo;Azul Cargo Express;RS;SAO LEOPOLDO;93000000;93179999;Capital;ESTADUAL
Azul Cargo;Azul Cargo Express;RS;SAO MIGUEL DAS MISSOES;98865000;98869999;Capital;ESTADUAL
Azul Cargo;Azul Cargo Express;RS;SAPIRANGA;93800000;93879999;Capital;ESTADUAL
Azul Cargo;Azul Cargo Express;RS;SENADOR SALGADO FILHO;98895000;98897999;Capital;ESTADUAL
Azul Cargo;Azul Cargo Express;RS;SERTAO;99170000;99174999;Capital;ESTADUAL
Azul Cargo;Azul Cargo Express;RS;SETE DE SETEMBRO;97960000;97969999;Capital;ESTADUAL
Azul Cargo;Azul Cargo Express;RS;TRES PASSOS;98600000;98634999;Capital;ESTADUAL
Azul Cargo;Azul Cargo Express;RS;TRIUNFO;95853000;95853999;Capital;ESTADUAL
Azul Cargo;Azul Cargo Express;RS;URUGUAIANA;97500001;97514999;Capital;ESTADUAL
Azul Cargo;Azul Cargo Express;RS;VITORIA DAS MISSOES;98850000;98854999;Capital;ESTADUAL
Azul Cargo;Azul Cargo Express;SC;BLUMENAU;89000001;89099999;Capital;5
Azul Cargo;Azul Cargo Express;SC;CAPIVARI DE BAIXO;88745000;88749999;Capital;5
Azul Cargo;Azul Cargo Express;SC;CHAPECO;89800000;89816199;Capital;5
Azul Cargo;Azul Cargo Express;SC;CRICIUMA;88800001;88819999;Capital;5
Azul Cargo;Azul Cargo Express;SC;FLORIANOPOLIS;88000001;88069999;Capital;5
Azul Cargo;Azul Cargo Express;SC;FLORIANOPOLIS;88070000;88099999;Capital;5
Azul Cargo;Azul Cargo Express;SC;FORQUILHINHA;88850000;88850999;Capital;5
Azul Cargo;Azul Cargo Express;SC;GUARAMIRIM;89270000;89270999;Capital;5
Azul Cargo;Azul Cargo Express;SC;ITAJAI;88300001;88319999;Capital;5
Azul Cargo;Azul Cargo Express;SC;JARAGUA DO SUL;89250000;89253079;Capital;5
Azul Cargo;Azul Cargo Express;SC;JARAGUA DO SUL;89253080;89253129;Capital;5
Azul Cargo;Azul Cargo Express;SC;JARAGUA DO SUL;89253130;89253139;Capital;5
Azul Cargo;Azul Cargo Express;SC;JARAGUA DO SUL;89253140;89253739;Capital;5
Azul Cargo;Azul Cargo Express;SC;JARAGUA DO SUL;89253740;89253809;Capital;5
Azul Cargo;Azul Cargo Express;SC;JARAGUA DO SUL;89253810;89253819;Capital;5
Azul Cargo;Azul Cargo Express;SC;JARAGUA DO SUL;89253820;89256501;Capital;5
Azul Cargo;Azul Cargo Express;SC;JARAGUA DO SUL;89256502;89256509;Capital;5
Azul Cargo;Azul Cargo Express;SC;JARAGUA DO SUL;89256510;89256569;Capital;5
Azul Cargo;Azul Cargo Express;SC;JARAGUA DO SUL;89256570;89256899;Capital;5
Azul Cargo;Azul Cargo Express;SC;JARAGUA DO SUL;89256900;89256999;Capital;5
Azul Cargo;Azul Cargo Express;SC;JARAGUA DO SUL;89257000;89261999;Capital;5
Azul Cargo;Azul Cargo Express;SC;JARAGUA DO SUL;89262000;89262000;Capital;5
Azul Cargo;Azul Cargo Express;SC;JARAGUA DO SUL;89262001;89262001;Capital;5
Azul Cargo;Azul Cargo Express;SC;JARAGUA DO SUL;89262002;89263999;Capital;5
Azul Cargo;Azul Cargo Express;SC;JARAGUA DO SUL;89264000;89265034;Capital;5
Azul Cargo;Azul Cargo Express;SC;JARAGUA DO SUL;89265035;89266999;Capital;5
Azul Cargo;Azul Cargo Express;SC;JARAGUA DO SUL;89267000;89269999;Capital;5
Azul Cargo;Azul Cargo Express;SC;JOINVILLE;89200001;89239999;Capital;5
Azul Cargo;Azul Cargo Express;SC;LAGES;88500001;88531999;Capital;7
Azul Cargo;Azul Cargo Express;SC;NAVEGANTES;88370000;88379999;Capital;5
Azul Cargo;Azul Cargo Express;SC;POMERODE;89107000;89107999;Capital;9
Azul Cargo;Azul Cargo Express;SC;SAO JOSE;88100001;88124999;Capital;5
Azul Cargo;Azul Cargo Express;SC;SCHROEDER;89275000;89275999;Capital;5
Azul Cargo;Azul Cargo Express;SC;TUBARAO;88700001;88709999;Capital;5
Azul Cargo;Azul Cargo Express;SE;ARACAJU;49000000;49098999;Capital;6
Azul Cargo;Azul Cargo Express;SP;AGUAS DA PRATA;13890000;13899999;Capital;5
Azul Cargo;Azul Cargo Express;SP;AGUAS DE LINDOIA;13940000;13949999;Capital;7
Azul Cargo;Azul Cargo Express;SP;AMERICANA;13465000;13479999;Capital;5
Azul Cargo;Azul Cargo Express;SP;ARACATUBA;16000000;16129999;Capital;5
Azul Cargo;Azul Cargo Express;SP;ARARAQUARA;14800001;14812999;Capital;6
Azul Cargo;Azul Cargo Express;SP;ARARAS;13600000;13609999;Capital;6
Azul Cargo;Azul Cargo Express;SP;ARUJA;7400001;7499999;Capital;5
Azul Cargo;Azul Cargo Express;SP;ASSIS;19800001;19819999;Capital;7
Azul Cargo;Azul Cargo Express;SP;ATIBAIA;12940000;12954999;Capital;5
Azul Cargo;Azul Cargo Express;SP;BARRA BONITA;17340000;17349999;Capital;5
Azul Cargo;Azul Cargo Express;SP;BARUERI;6400001;6499999;Capital;5
Azul Cargo;Azul Cargo Express;SP;BAURU;17000000;17035499;Capital;5
Azul Cargo;Azul Cargo Express;SP;BAURU;17035501;17109999;Capital;5
Azul Cargo;Azul Cargo Express;SP;BILAC;16210000;16210999;Capital;6
Azul Cargo;Azul Cargo Express;SP;BIRIGUI;16200000;16209999;Capital;6
Azul Cargo;Azul Cargo Express;SP;BOA ESPERANCA DO SUL;14930000;14934999;Capital;7
Azul Cargo;Azul Cargo Express;SP;BOTUCATU;18600001;18619999;Capital;6
Azul Cargo;Azul Cargo Express;SP;BRAGANCA PAULISTA;12900000;12929999;Capital;5
Azul Cargo;Azul Cargo Express;SP;CABREUVA;13315000;13319999;Capital;5
Azul Cargo;Azul Cargo Express;SP;CAMPINAS;13000000;13049000;Capital;5
Azul Cargo;Azul Cargo Express;SP;CAMPINAS;13049140;13050999;Capital;5
Azul Cargo;Azul Cargo Express;SP;CAMPINAS;13051100;13051204;Capital;5
Azul Cargo;Azul Cargo Express;SP;CAMPINAS;13051216;13053089;Capital;5
Azul Cargo;Azul Cargo Express;SP;CAMPINAS;13053381;13056709;Capital;5
Azul Cargo;Azul Cargo Express;SP;CAMPINAS;13057571;13057999;Capital;5
Azul Cargo;Azul Cargo Express;SP;CAMPINAS;13059000;13082054;Capital;5
Azul Cargo;Azul Cargo Express;SP;CAMPINAS;13082056;13082179;Capital;5
Azul Cargo;Azul Cargo Express;SP;CAMPINAS;13082750;13082764;Capital;5
Azul Cargo;Azul Cargo Express;SP;CAMPINAS;13082765;13082780;Capital;5
Azul Cargo;Azul Cargo Express;SP;CAMPINAS;13082901;13099000;Capital;5
Azul Cargo;Azul Cargo Express;SP;CAMPINAS;13099009;13101349;Capital;5
Azul Cargo;Azul Cargo Express;SP;CAMPINAS;13101363;13104900;Capital;5
Azul Cargo;Azul Cargo Express;SP;CAMPINAS;13104903;13139999;Capital;5
Azul Cargo;Azul Cargo Express;SP;CARAPICUIBA;6300001;6399999;Capital;5
Azul Cargo;Azul Cargo Express;SP;COTIA;6700000;6729999;Capital;5
Azul Cargo;Azul Cargo Express;SP;CRAVINHOS;14140000;14140999;Capital;6
Azul Cargo;Azul Cargo Express;SP;DOIS CORREGOS;17300000;17319999;Capital;6
Azul Cargo;Azul Cargo Express;SP;ESPIRITO SANTO DO PINHAL;13990000;13994999;Capital;6
Azul Cargo;Azul Cargo Express;SP;ESTIVA GERBI;13857000;13859999;Capital;5
Azul Cargo;Azul Cargo Express;SP;FRANCA;14400000;14414999;Capital;6
Azul Cargo;Azul Cargo Express;SP;GUARULHOS;7000000;7097499;Capital;5
Azul Cargo;Azul Cargo Express;SP;GUARULHOS;7097500;7399999;Capital;5
Azul Cargo;Azul Cargo Express;SP;HOLAMBRA;13825000;13825999;Capital;5
Azul Cargo;Azul Cargo Express;SP;HORTOLANDIA;13183000;13189999;Capital;5
Azul Cargo;Azul Cargo Express;SP;IGARACU DO TIETE;17350000;17359999;Capital;5
Azul Cargo;Azul Cargo Express;SP;INDAIATUBA;13330000;13349999;Capital;5
Azul Cargo;Azul Cargo Express;SP;ITAPIRA;13970000;13989999;Capital;6
Azul Cargo;Azul Cargo Express;SP;ITATIBA;13250001;13259999;Capital;5
Azul Cargo;Azul Cargo Express;SP;ITU;13300000;13314999;Capital;5
Azul Cargo;Azul Cargo Express;SP;ITUPEVA;13295000;13299999;Capital;5
Azul Cargo;Azul Cargo Express;SP;JACAREI;12300000;12349999;Capital;6
Azul Cargo;Azul Cargo Express;SP;JAU;17200001;17229999;Capital;5
Azul Cargo;Azul Cargo Express;SP;JUNDIAI;13200000;13219999;Capital;5
Azul Cargo;Azul Cargo Express;SP;LIMEIRA;13480000;13481570;Capital;5
Azul Cargo;Azul Cargo Express;SP;LIMEIRA;13481580;13481800;Capital;5
Azul Cargo;Azul Cargo Express;SP;LIMEIRA;13481829;13489999;Capital;5
Azul Cargo;Azul Cargo Express;SP;LINDOIA;13950000;13959999;Capital;7
Azul Cargo;Azul Cargo Express;SP;LOUVEIRA;13290000;13290999;Capital;5
Azul Cargo;Azul Cargo Express;SP;MAIRIPORA;7600000;7699999;Capital;6
Azul Cargo;Azul Cargo Express;SP;MARILIA;17500000;17539999;Capital;6
Azul Cargo;Azul Cargo Express;SP;MAUA;9300000;9399999;Capital;5
Azul Cargo;Azul Cargo Express;SP;MINEIROS DO TIETE;17320000;17339999;Capital;5
Azul Cargo;Azul Cargo Express;SP;MOGI DAS CRUZES;8700000;8890000;Capital;5
Azul Cargo;Azul Cargo Express;SP;MOGI GUACU;13840000;13856999;Capital;5
Azul Cargo;Azul Cargo Express;SP;MOGI MIRIM;13800001;13819999;Capital;5
Azul Cargo;Azul Cargo Express;SP;NOVA ODESSA;13380001;13389999;Capital;5
Azul Cargo;Azul Cargo Express;SP;OSASCO;6000001;6299999;Capital;5
Azul Cargo;Azul Cargo Express;SP;PAULINIA;13140001;13149999;Capital;6
Azul Cargo;Azul Cargo Express;SP;PINDAMONHANGABA;12400000;12449999;Capital;6
Azul Cargo;Azul Cargo Express;SP;PIRACICABA;13400000;13401855;Capital;5
Azul Cargo;Azul Cargo Express;SP;PIRACICABA;13401892;13402109;Capital;5
Azul Cargo;Azul Cargo Express;SP;PIRACICABA;13402128;13402191;Capital;5
Azul Cargo;Azul Cargo Express;SP;PIRACICABA;13402199;13402599;Capital;5
Azul Cargo;Azul Cargo Express;SP;PIRACICABA;13402607;13402609;Capital;5
Azul Cargo;Azul Cargo Express;SP;PIRACICABA;13402620;13402689;Capital;5
Azul Cargo;Azul Cargo Express;SP;PIRACICABA;13402695;13408999;Capital;5
Azul Cargo;Azul Cargo Express;SP;PIRACICABA;13409000;13409323;Capital;5
Azul Cargo;Azul Cargo Express;SP;PIRACICABA;13409324;13410098;Capital;5
Azul Cargo;Azul Cargo Express;SP;PIRACICABA;13410099;13410099;Capital;5
Azul Cargo;Azul Cargo Express;SP;PIRACICABA;13410100;13411029;Capital;5
Azul Cargo;Azul Cargo Express;SP;PIRACICABA;13411030;13411146;Capital;5
Azul Cargo;Azul Cargo Express;SP;PIRACICABA;13411147;13411499;Capital;5
Azul Cargo;Azul Cargo Express;SP;PIRACICABA;13411500;13411521;Capital;5
Azul Cargo;Azul Cargo Express;SP;PIRACICABA;13411522;13411549;Capital;5
Azul Cargo;Azul Cargo Express;SP;PIRACICABA;13411550;13411596;Capital;5
Azul Cargo;Azul Cargo Express;SP;PIRACICABA;13411597;13412501;Capital;5
Azul Cargo;Azul Cargo Express;SP;PIRACICABA;13412536;13427999;Capital;5
Azul Cargo;Azul Cargo Express;SP;PIRACICABA;13428200;13428630;Capital;5
Azul Cargo;Azul Cargo Express;SP;POMPEIA;17580000;17580999;Capital;6
Azul Cargo;Azul Cargo Express;SP;PRESIDENTE PRUDENTE;19010000;19100610;Capital;5
Azul Cargo;Azul Cargo Express;SP;RIBEIRAO PIRES;9400000;9449999;Capital;5
Azul Cargo;Azul Cargo Express;SP;RIBEIRAO PRETO;14000000;14109999;Capital;5
Azul Cargo;Azul Cargo Express;SP;RIO CLARO;13500001;13509999;Capital;6
Azul Cargo;Azul Cargo Express;SP;RIO GRANDE DA SERRA;9450000;9499999;Capital;6
Azul Cargo;Azul Cargo Express;SP;SALTO;13320000;13320969;Capital;5
Azul Cargo;Azul Cargo Express;SP;SALTO;13320971;13323004;Capital;5
Azul Cargo;Azul Cargo Express;SP;SALTO;13323006;13329999;Capital;5
Azul Cargo;Azul Cargo Express;SP;SANTA BARBARA D OESTE;13450000;13459999;Capital;5
Azul Cargo;Azul Cargo Express;SP;SANTO ANDRE;9000001;9110999;Capital;5
Azul Cargo;Azul Cargo Express;SP;SANTO ANDRE;9111601;9121499;Capital;5
Azul Cargo;Azul Cargo Express;SP;SANTO ANDRE;9122101;9130199;Capital;5
Azul Cargo;Azul Cargo Express;SP;SANTO ANDRE;9130301;9130999;Capital;5
Azul Cargo;Azul Cargo Express;SP;SANTO ANDRE;9131601;9131999;Capital;5
Azul Cargo;Azul Cargo Express;SP;SANTO ANDRE;9133201;9133999;Capital;5
Azul Cargo;Azul Cargo Express;SP;SANTO ANDRE;9135000;9138999;Capital;5
Azul Cargo;Azul Cargo Express;SP;SANTO ANDRE;9139101;9162999;Capital;5
Azul Cargo;Azul Cargo Express;SP;SANTO ANDRE;9163501;9169999;Capital;5
Azul Cargo;Azul Cargo Express;SP;SANTO ANDRE;9171001;9174999;Capital;5
Azul Cargo;Azul Cargo Express;SP;SANTO ANDRE;9175701;9179999;Capital;5
Azul Cargo;Azul Cargo Express;SP;SANTO ANDRE;9180971;9299999;Capital;5
Azul Cargo;Azul Cargo Express;SP;SANTO ANTONIO DO JARDIM;13995000;13999999;Capital;5
Azul Cargo;Azul Cargo Express;SP;SANTOS;11000000;11249999;Capital;5
Azul Cargo;Azul Cargo Express;SP;SAO BERNARDO DO CAMPO;9600000;9829999;Capital;5
Azul Cargo;Azul Cargo Express;SP;SAO BERNARDO DO CAMPO;9830000;9831379;Capital;5
Azul Cargo;Azul Cargo Express;SP;SAO BERNARDO DO CAMPO;9831381;9834999;Capital;5
Azul Cargo;Azul Cargo Express;SP;SAO BERNARDO DO CAMPO;9839000;9899999;Capital;5
Azul Cargo;Azul Cargo Express;SP;SAO CAETANO DO SUL;9500000;9599999;Capital;5
Azul Cargo;Azul Cargo Express;SP;SAO CARLOS;13560000;13571799;Capital;5
Azul Cargo;Azul Cargo Express;SP;SAO CARLOS;13571826;13577999;Capital;5
Azul Cargo;Azul Cargo Express;SP;SAO JOAO DA BOA VISTA;13870001;13879999;Capital;5
Azul Cargo;Azul Cargo Express;SP;SAO JOSE DO RIO PRETO;15000000;15099999;Capital;5
Azul Cargo;Azul Cargo Express;SP;SAO JOSE DOS CAMPOS;12200001;12248999;Capital;5
Azul Cargo;Azul Cargo Express;SP;SAO PAULO;1000000;1299999;Capital;5
Azul Cargo;Azul Cargo Express;SP;SAO PAULO;1300000;1432050;Capital;5
Azul Cargo;Azul Cargo Express;SP;SAO PAULO;1432051;1499999;Capital;5
Azul Cargo;Azul Cargo Express;SP;SAO PAULO;1500000;1599999;Capital;5
Azul Cargo;Azul Cargo Express;SP;SAO PAULO;2000000;2159999;Capital;5
Azul Cargo;Azul Cargo Express;SP;SAO PAULO;2160000;2169050;Capital;5
Azul Cargo;Azul Cargo Express;SP;SAO PAULO;2169051;2236999;Capital;5
Azul Cargo;Azul Cargo Express;SP;SAO PAULO;2237000;2238390;Capital;5
Azul Cargo;Azul Cargo Express;SP;SAO PAULO;2238391;2279150;Capital;5
Azul Cargo;Azul Cargo Express;SP;SAO PAULO;2279151;2281266;Capital;5
Azul Cargo;Azul Cargo Express;SP;SAO PAULO;2281267;2287279;Capital;5
Azul Cargo;Azul Cargo Express;SP;SAO PAULO;2287280;2289900;Capital;5
Azul Cargo;Azul Cargo Express;SP;SAO PAULO;2290000;2323730;Capital;5
Azul Cargo;Azul Cargo Express;SP;SAO PAULO;2324000;2325130;Capital;5
Azul Cargo;Azul Cargo Express;SP;SAO PAULO;2325510;2325705;Capital;5
Azul Cargo;Azul Cargo Express;SP;SAO PAULO;2326000;2327200;Capital;5
Azul Cargo;Azul Cargo Express;SP;SAO PAULO;2328001;2336110;Capital;5
Azul Cargo;Azul Cargo Express;SP;SAO PAULO;2337000;2339100;Capital;5
Azul Cargo;Azul Cargo Express;SP;SAO PAULO;2340000;2362220;Capital;5
Azul Cargo;Azul Cargo Express;SP;SAO PAULO;2363000;2363340;Capital;5
Azul Cargo;Azul Cargo Express;SP;SAO PAULO;2364000;2367160;Capital;5
Azul Cargo;Azul Cargo Express;SP;SAO PAULO;2367200;2367265;Capital;5
Azul Cargo;Azul Cargo Express;SP;SAO PAULO;2367350;2499000;Capital;5
Azul Cargo;Azul Cargo Express;SP;SAO PAULO;2500000;2599999;Capital;5
Azul Cargo;Azul Cargo Express;SP;SAO PAULO;2600000;2678999;Capital;5
Azul Cargo;Azul Cargo Express;SP;SAO PAULO;2679000;2681000;Capital;5
Azul Cargo;Azul Cargo Express;SP;SAO PAULO;2700000;2799999;Capital;5
Azul Cargo;Azul Cargo Express;SP;SAO PAULO;2801000;2999999;Capital;5
Azul Cargo;Azul Cargo Express;SP;SAO PAULO;3000000;3499999;Capital;5
Azul Cargo;Azul Cargo Express;SP;SAO PAULO;3500000;3999999;Capital;5
Azul Cargo;Azul Cargo Express;SP;SAO PAULO;4000000;4006999;Capital;5
Azul Cargo;Azul Cargo Express;SP;SAO PAULO;4007000;4098901;Capital;5
Azul Cargo;Azul Cargo Express;SP;SAO PAULO;4098902;4399999;Capital;5
Azul Cargo;Azul Cargo Express;SP;SAO PAULO;4401000;4477520;Capital;5
Azul Cargo;Azul Cargo Express;SP;SAO PAULO;4500000;4699999;Capital;5
Azul Cargo;Azul Cargo Express;SP;SAO PAULO;4700000;4799999;Capital;5
Azul Cargo;Azul Cargo Express;SP;SAO PAULO;4800000;4899999;Capital;5
Azul Cargo;Azul Cargo Express;SP;SAO PAULO;4909020;4967010;Capital;5
Azul Cargo;Azul Cargo Express;SP;SAO PAULO;5000000;5099999;Capital;5
Azul Cargo;Azul Cargo Express;SP;SAO PAULO;5100000;5299999;Capital;5
Azul Cargo;Azul Cargo Express;SP;SAO PAULO;5300000;5360149;Capital;5
Azul Cargo;Azul Cargo Express;SP;SAO PAULO;5360150;5360150;Capital;5
Azul Cargo;Azul Cargo Express;SP;SAO PAULO;5360151;5399999;Capital;5
Azul Cargo;Azul Cargo Express;SP;SAO PAULO;5400000;5409011;Capital;5
Azul Cargo;Azul Cargo Express;SP;SAO PAULO;5409012;5499999;Capital;5
Azul Cargo;Azul Cargo Express;SP;SAO PAULO;5500000;5599999;Capital;5
Azul Cargo;Azul Cargo Express;SP;SAO PAULO;5600000;5658999;Capital;5
Azul Cargo;Azul Cargo Express;SP;SAO PAULO;5659000;5665140;Capital;5
Azul Cargo;Azul Cargo Express;SP;SAO PAULO;5665141;5699999;Capital;5
Azul Cargo;Azul Cargo Express;SP;SAO PAULO;5703010;5894460;Capital;5
Azul Cargo;Azul Cargo Express;SP;SAO PAULO;5999899;5999899;Capital;5
Azul Cargo;Azul Cargo Express;SP;SAO PAULO;8000000;8071040;Capital;5
Azul Cargo;Azul Cargo Express;SP;SAO PAULO;8071041;8072310;Capital;5
Azul Cargo;Azul Cargo Express;SP;SAO PAULO;8072311;8081490;Capital;5
Azul Cargo;Azul Cargo Express;SP;SAO PAULO;8081491;8199999;Capital;5
Azul Cargo;Azul Cargo Express;SP;SAO PAULO;8200000;8299999;Capital;5
Azul Cargo;Azul Cargo Express;SP;SAO PAULO;8300000;8499999;Capital;5
Azul Cargo;Azul Cargo Express;SP;SAO SEBASTIAO;11600001;11629999;Capital;8
Azul Cargo;Azul Cargo Express;SP;SERTAOZINHO;14160000;14178999;Capital;5
Azul Cargo;Azul Cargo Express;SP;SOROCABA;18000000;18109999;Capital;5
Azul Cargo;Azul Cargo Express;SP;SUMARE;13170000;13181999;Capital;5
Azul Cargo;Azul Cargo Express;SP;TAUBATE;12000001;12119999;Capital;5
Azul Cargo;Azul Cargo Express;SP;TREMEMBE;12120000;12120999;Capital;6
Azul Cargo;Azul Cargo Express;SP;TUPA;17600000;17626999;Capital;6
Azul Cargo;Azul Cargo Express;SP;VALINHOS;13270001;13279999;Capital;5
Azul Cargo;Azul Cargo Express;SP;VARZEA PAULISTA;13220000;13229999;Capital;5
Azul Cargo;Azul Cargo Express;SP;VINHEDO;13280000;13289999;Capital;5
Azul Cargo;Azul Cargo Express;SP;VOTORANTIM;18110000;18119999;Capital;6
Azul Cargo;Azul Cargo Express;TO;PALMAS;77000000;77249999;Capital;6
