99034070; Impresso Econômico; Módico; Dialogo Standard; Interior; Jadlog Rodoviario; Capital; Speedlog Standard; Interior; Transfolha Terrestre; INT 1
98170000; Impresso Econômico; Módico; Dialogo Standard; Interior; Jadlog Rodoviario; Interior; Speedlog Standard; Interior; Transfolha Terrestre; INT 1
83255000; Impresso Econômico; Módico; Dialogo Standard; Interior; Jadlog Rodoviario; Interior; Speedlog Standard; Interior
91760310; Impresso Econômico; Módico; Dialogo Standard; Capital; Flash Courier PAC; Capital; Jadlog Rodoviario; Capital; Speedlog Standard; Capital; Transfolha Terrestre; CAP
83050690; Impresso Econômico; Módico; Dialogo Standard; Interior; Flash Courier PAC; Interior; Jadlog Rodoviario; Capital; Speedlog Standard; Interior; Transfolha Terrestre; INT
85560000; Impresso Econômico; Módico; Dialogo Standard; Interior; Jadlog Rodoviario; Interior; Speedlog Standard; Interior
98700000; Impresso Econômico; Módico; Dialogo Standard; Interior; Jadlog Rodoviario; Capital; Speedlog Standard; Interior; Transfolha Terrestre; INT 1
95680000; Impresso Econômico; Módico; Dialogo Standard; Interior; Jadlog Rodoviario; Capital; Speedlog Standard; Interior
82600380; Impresso Econômico; Módico; Dialogo Standard; Capital; Flash Courier PAC; Capital; Jadlog Rodoviario; Capital; Speedlog Standard; Capital; Transfolha Terrestre; CAP
88040600; Impresso Econômico; Módico; Dialogo Standard; Capital; Flash Courier PAC; Capital; Jadlog Rodoviario; Capital; Speedlog Standard; Capital; Transfolha Terrestre; CAP
91340460; Impresso Econômico; Módico; Dialogo Standard; Capital; Flash Courier PAC; Capital; Jadlog Rodoviario; Capital; Speedlog Standard; Capital; Transfolha Terrestre; CAP
81750420; Impresso Econômico; Módico; Dialogo Standard; Capital; Flash Courier PAC; Capital; Jadlog Rodoviario; Capital; Speedlog Standard; Capital; Transfolha Terrestre; CAP
90020000; Impresso Econômico; Módico; Dialogo Standard; Capital; Flash Courier PAC; Capital; Jadlog Rodoviario; Capital; Speedlog Standard; Capital; Transfolha Terrestre; CAP
91450147; Impresso Econômico; Módico; Dialogo Standard; Capital; Flash Courier PAC; Capital; Jadlog Rodoviario; Capital; Speedlog Standard; Capital
92035740; Impresso Econômico; Módico; Dialogo Standard; Interior; Flash Courier PAC; Metropolitana; Jadlog Rodoviario; Capital; Speedlog Standard; Interior; Transfolha Terrestre; INT
90680570; Impresso Econômico; Módico; Dialogo Standard; Capital; Flash Courier PAC; Capital; Jadlog Rodoviario; Capital; Speedlog Standard; Capital; Transfolha Terrestre; CAP
90010460; Impresso Econômico; Módico; Dialogo Standard; Capital; Flash Courier PAC; Capital; Jadlog Rodoviario; Capital; Speedlog Standard; Capital; Transfolha Terrestre; CAP
95270000; Impresso Econômico; Módico; Dialogo Standard; Interior; Jadlog Rodoviario; Interior; Speedlog Standard; Interior
82560300; Impresso Econômico; Módico; Dialogo Standard; Capital; Flash Courier PAC; Capital; Jadlog Rodoviario; Capital; Speedlog Standard; Capital; Transfolha Terrestre; CAP
97546000; Impresso Econômico; Módico; Dialogo Standard; Interior; Jadlog Rodoviario; Interior; Speedlog Standard; Interior
80220070; Impresso Econômico; Módico; Dialogo Standard; Capital; Flash Courier PAC; Capital; Jadlog Rodoviario; Capital; Speedlog Standard; Capital; Transfolha Terrestre; CAP
90420030; Impresso Econômico; Módico; Dialogo Standard; Capital; Flash Courier PAC; Capital; Jadlog Rodoviario; Capital; Speedlog Standard; Capital; Transfolha Terrestre; CAP
89900000; Impresso Econômico; Módico; Dialogo Standard; Interior; Jadlog Rodoviario; Interior; Speedlog Standard; Interior; Transfolha Terrestre; INT 1
83206210; Impresso Econômico; Módico; Dialogo Standard; Interior; Jadlog Rodoviario; Capital; Speedlog Standard; Interior; Transfolha Terrestre; INT 1
90040193; Impresso Econômico; Módico; Dialogo Standard; Capital; Flash Courier PAC; Capital; Jadlog Rodoviario; Capital; Speedlog Standard; Capital; Transfolha Terrestre; CAP
97700000; Impresso Econômico; Módico; Dialogo Standard; Interior; Jadlog Rodoviario; Interior; Speedlog Standard; Interior; Transfolha Terrestre; INT 1
91740290; Impresso Econômico; Módico; Dialogo Standard; Capital; Flash Courier PAC; Capital; Jadlog Rodoviario; Capital; Speedlog Standard; Capital; Transfolha Terrestre; CAP
93315240; Impresso Econômico; Módico; Dialogo Standard; Interior; Flash Courier PAC; Metropolitana; Jadlog Rodoviario; Capital; Speedlog Standard; Interior; Transfolha Terrestre; INT 1
92340240; Impresso Econômico; Módico; Dialogo Standard; Interior; Flash Courier PAC; Metropolitana; Jadlog Rodoviario; Capital; Speedlog Standard; Interior; Transfolha Terrestre; INT
